DATE,Unemployment Rate,Personal Saving Rate,New Privately-Owned Housing Units Started: Units in Buildings with 5 Units or More,Housing Inventory: Median Listing Price per Square Feet in the United States,Housing Inventory: Median Home Size in Square Feet in the United States,Total Construction Spending: Highway and Street in the United States,"Employment for Construction: Highway, Street, and Bridge Construction (NAICS 2373) in the United States",Producer Price Index by Commodity: Farm Products: Russet Potatoes,Average Price: Potato Chips (Cost per 16 Ounces) in U.S. City Average,"Average Price: Potatoes, White (Cost per Pound/453.6 Grams) in U.S. City Average",New Privately-Owned Housing Units Started: Total Units,New Privately-Owned Housing Units Started: Single-Family Units,New Privately-Owned Housing Units Started: Units in Buildings with 2-4 Units
1950-01-31,6.5,,,,,,,,,,,,
1950-02-28,6.4,,,,,,,,,,,,
1950-03-31,6.3,,,,,,,,,,,,
1950-04-30,5.8,,,,,,,,,,,,
1950-05-31,5.5,,,,,,,,,,,,
1950-06-30,5.4,,,,,,,,,,,,
1950-07-31,5.0,,,,,,,,,,,,
1950-08-31,4.5,,,,,,,,,,,,
1950-09-30,4.4,,,,,,,,,,,,
1950-10-31,4.2,,,,,,,,,,,,
1950-11-30,4.2,,,,,,,,,,,,
1950-12-31,4.3,,,,,,,,,,,,
1951-01-31,3.7,,,,,,,,,,,,
1951-02-28,3.4,,,,,,,,,,,,
1951-03-31,3.4,,,,,,,,,,,,
1951-04-30,3.1,,,,,,,,,,,,
1951-05-31,3.0,,,,,,,,,,,,
1951-06-30,3.2,,,,,,,,,,,,
1951-07-31,3.1,,,,,,,,,,,,
1951-08-31,3.1,,,,,,,,,,,,
1951-09-30,3.3,,,,,,,,,,,,
1951-10-31,3.5,,,,,,,,,,,,
1951-11-30,3.5,,,,,,,,,,,,
1951-12-31,3.1,,,,,,,,,,,,
1952-01-31,3.2,,,,,,,,,,,,
1952-02-29,3.1,,,,,,,,,,,,
1952-03-31,2.9,,,,,,,,,,,,
1952-04-30,2.9,,,,,,,,,,,,
1952-05-31,3.0,,,,,,,,,,,,
1952-06-30,3.0,,,,,,,,,,,,
1952-07-31,3.2,,,,,,,,,,,,
1952-08-31,3.4,,,,,,,,,,,,
1952-09-30,3.1,,,,,,,,,,,,
1952-10-31,3.0,,,,,,,,,,,,
1952-11-30,2.8,,,,,,,,,,,,
1952-12-31,2.7,,,,,,,,,,,,
1953-01-31,2.9,,,,,,,,,,,,
1953-02-28,2.6,,,,,,,,,,,,
1953-03-31,2.6,,,,,,,,,,,,
1953-04-30,2.7,,,,,,,,,,,,
1953-05-31,2.5,,,,,,,,,,,,
1953-06-30,2.5,,,,,,,,,,,,
1953-07-31,2.6,,,,,,,,,,,,
1953-08-31,2.7,,,,,,,,,,,,
1953-09-30,2.9,,,,,,,,,,,,
1953-10-31,3.1,,,,,,,,,,,,
1953-11-30,3.5,,,,,,,,,,,,
1953-12-31,4.5,,,,,,,,,,,,
1954-01-31,4.9,,,,,,,,,,,,
1954-02-28,5.2,,,,,,,,,,,,
1954-03-31,5.7,,,,,,,,,,,,
1954-04-30,5.9,,,,,,,,,,,,
1954-05-31,5.9,,,,,,,,,,,,
1954-06-30,5.6,,,,,,,,,,,,
1954-07-31,5.8,,,,,,,,,,,,
1954-08-31,6.0,,,,,,,,,,,,
1954-09-30,6.1,,,,,,,,,,,,
1954-10-31,5.7,,,,,,,,,,,,
1954-11-30,5.3,,,,,,,,,,,,
1954-12-31,5.0,,,,,,,,,,,,
1955-01-31,4.9,,,,,,,,,,,,
1955-02-28,4.7,,,,,,,,,,,,
1955-03-31,4.6,,,,,,,,,,,,
1955-04-30,4.7,,,,,,,,,,,,
1955-05-31,4.3,,,,,,,,,,,,
1955-06-30,4.2,,,,,,,,,,,,
1955-07-31,4.0,,,,,,,,,,,,
1955-08-31,4.2,,,,,,,,,,,,
1955-09-30,4.1,,,,,,,,,,,,
1955-10-31,4.3,,,,,,,,,,,,
1955-11-30,4.2,,,,,,,,,,,,
1955-12-31,4.2,,,,,,,,,,,,
1956-01-31,4.0,,,,,,,,,,,,
1956-02-29,3.9,,,,,,,,,,,,
1956-03-31,4.2,,,,,,,,,,,,
1956-04-30,4.0,,,,,,,,,,,,
1956-05-31,4.3,,,,,,,,,,,,
1956-06-30,4.3,,,,,,,,,,,,
1956-07-31,4.4,,,,,,,,,,,,
1956-08-31,4.1,,,,,,,,,,,,
1956-09-30,3.9,,,,,,,,,,,,
1956-10-31,3.9,,,,,,,,,,,,
1956-11-30,4.3,,,,,,,,,,,,
1956-12-31,4.2,,,,,,,,,,,,
1957-01-31,4.2,,,,,,,,,,,,
1957-02-28,3.9,,,,,,,,,,,,
1957-03-31,3.7,,,,,,,,,,,,
1957-04-30,3.9,,,,,,,,,,,,
1957-05-31,4.1,,,,,,,,,,,,
1957-06-30,4.3,,,,,,,,,,,,
1957-07-31,4.2,,,,,,,,,,,,
1957-08-31,4.1,,,,,,,,,,,,
1957-09-30,4.4,,,,,,,,,,,,
1957-10-31,4.5,,,,,,,,,,,,
1957-11-30,5.1,,,,,,,,,,,,
1957-12-31,5.2,,,,,,,,,,,,
1958-01-31,5.8,,,,,,,,,,,,
1958-02-28,6.4,,,,,,,,,,,,
1958-03-31,6.7,,,,,,,,,,,,
1958-04-30,7.4,,,,,,,,,,,,
1958-05-31,7.4,,,,,,,,,,,,
1958-06-30,7.3,,,,,,,,,,,,
1958-07-31,7.5,,,,,,,,,,,,
1958-08-31,7.4,,,,,,,,,,,,
1958-09-30,7.1,,,,,,,,,,,,
1958-10-31,6.7,,,,,,,,,,,,
1958-11-30,6.2,,,,,,,,,,,,
1958-12-31,6.2,,,,,,,,,,,,
1959-01-31,6.0,11.3,321.0,,,,,,,,1657.0,1336.0,0.0
1959-02-28,5.9,10.6,350.0,,,,,,,,1667.0,1317.0,0.0
1959-03-31,5.6,10.3,366.0,,,,,,,,1620.0,1254.0,0.0
1959-04-30,5.2,11.2,308.0,,,,,,,,1590.0,1282.0,0.0
1959-05-31,5.1,10.6,285.0,,,,,,,,1498.0,1213.0,0.0
1959-06-30,5.0,10.5,300.0,,,,,,,,1503.0,1203.0,0.0
1959-07-31,5.1,10.7,291.0,,,,,,,,1547.0,1256.0,0.0
1959-08-31,5.2,9.6,237.0,,,,,,,,1430.0,1193.0,0.0
1959-09-30,5.5,8.7,265.0,,,,,,,,1540.0,1275.0,0.0
1959-10-31,5.7,9.4,312.0,,,,,,,,1355.0,1043.0,0.0
1959-11-30,5.8,10.1,253.0,,,,,,,,1416.0,1163.0,0.0
1959-12-31,5.3,11.0,191.0,,,,,,,,1601.0,1410.0,0.0
1960-01-31,5.2,10.9,249.0,,,,,,,,1460.0,1211.0,0.0
1960-02-29,4.8,10.6,295.0,,,,,,,,1503.0,1208.0,0.0
1960-03-31,5.4,9.4,205.0,,,,,,,,1109.0,904.0,0.0
1960-04-30,5.2,8.4,240.0,,,,,,,,1289.0,1049.0,0.0
1960-05-31,5.1,10.4,262.0,,,,,,,,1271.0,1009.0,0.0
1960-06-30,5.4,10.4,244.0,,,,,,,,1247.0,1003.0,0.0
1960-07-31,5.5,10.4,250.0,,,,,,,,1197.0,947.0,0.0
1960-08-31,5.6,10.3,253.0,,,,,,,,1344.0,1091.0,0.0
1960-09-30,5.5,10.0,232.0,,,,,,,,1097.0,865.0,0.0
1960-10-31,6.1,9.8,324.0,,,,,,,,1246.0,922.0,0.0
1960-11-30,6.1,9.8,297.0,,,,,,,,1246.0,949.0,0.0
1960-12-31,6.6,10.4,222.0,,,,,,,,1063.0,841.0,0.0
1961-01-31,6.6,11.1,285.0,,,,,,,,1183.0,898.0,0.0
1961-02-28,6.9,11.1,278.0,,,,,,,,1226.0,948.0,0.0
1961-03-31,6.9,10.4,355.0,,,,,,,,1312.0,957.0,0.0
1961-04-30,7.0,10.6,287.0,,,,,,,,1166.0,879.0,0.0
1961-05-31,7.1,10.8,290.0,,,,,,,,1228.0,938.0,0.0
1961-06-30,6.9,11.5,371.0,,,,,,,,1382.0,1011.0,0.0
1961-07-31,7.0,12.0,331.0,,,,,,,,1335.0,1004.0,0.0
1961-08-31,6.6,11.7,339.0,,,,,,,,1312.0,973.0,0.0
1961-09-30,6.7,11.3,377.0,,,,,,,,1429.0,1052.0,0.0
1961-10-31,6.5,11.7,422.0,,,,,,,,1415.0,993.0,0.0
1961-11-30,6.1,11.6,367.0,,,,,,,,1385.0,1018.0,0.0
1961-12-31,6.0,11.6,360.0,,,,,,,,1365.0,1005.0,0.0
1962-01-31,5.8,11.3,387.0,,,,,,,,1361.0,974.0,0.0
1962-02-28,5.5,11.8,332.0,,,,,,,,1278.0,946.0,0.0
1962-03-31,5.6,11.6,464.0,,,,,,,,1443.0,979.0,0.0
1962-04-30,5.6,11.7,497.0,,,,,,,,1524.0,1027.0,0.0
1962-05-31,5.5,11.1,451.0,,,,,,,,1483.0,1032.0,0.0
1962-06-30,5.5,11.5,453.0,,,,,,,,1404.0,951.0,0.0
1962-07-31,5.4,11.6,467.0,,,,,,,,1450.0,983.0,0.0
1962-08-31,5.7,11.4,464.0,,,,,,,,1517.0,1053.0,0.0
1962-09-30,5.6,10.4,458.0,,,,,,,,1324.0,866.0,0.0
1962-10-31,5.4,11.3,543.0,,,,,,,,1533.0,990.0,0.0
1962-11-30,5.7,10.4,542.0,,,,,,,,1622.0,1080.0,0.0
1962-12-31,5.5,10.3,566.0,,,,,,,,1564.0,998.0,0.0
1963-01-31,5.7,10.9,434.0,,,,,,,,1244.0,810.0,0.0
1963-02-28,5.9,10.7,479.0,,,,,,,,1456.0,977.0,0.0
1963-03-31,5.7,10.6,572.0,,,,,,,,1534.0,962.0,0.0
1963-04-30,5.7,10.7,593.0,,,,,,,,1689.0,1096.0,0.0
1963-05-31,5.9,10.9,570.0,,,,,,,,1641.0,1071.0,0.0
1963-06-30,5.6,10.5,581.0,,,,,,,,1588.0,1007.0,0.0
1963-07-31,5.6,10.1,583.0,,,,,,,,1614.0,1031.0,0.0
1963-08-31,5.4,10.2,476.0,,,,,,,,1639.0,1056.0,107.0
1963-09-30,5.5,11.0,524.0,,,,,,,,1763.0,1106.0,133.0
1963-10-31,5.5,11.5,555.0,,,,,,,,1779.0,1088.0,136.0
1963-11-30,5.7,11.0,458.0,,,,,,,,1622.0,1032.0,132.0
1963-12-31,5.5,10.7,510.0,,,,,,,,1491.0,852.0,129.0
1964-01-31,5.6,10.7,441.0,,,,,,,,1603.0,1023.0,139.0
1964-02-29,5.4,10.4,481.0,,,,,,,,1820.0,1162.0,177.0
1964-03-31,5.4,12.1,466.0,,,,,,,,1517.0,931.0,120.0
1964-04-30,5.3,12.4,442.0,,,,,,,,1448.0,901.0,105.0
1964-05-31,5.1,11.7,439.0,,,,,,,,1467.0,947.0,81.0
1964-06-30,5.2,11.5,457.0,,,,,,,,1550.0,981.0,112.0
1964-07-31,4.9,11.2,482.0,,,,,,,,1562.0,969.0,111.0
1964-08-31,5.0,11.1,471.0,,,,,,,,1569.0,990.0,108.0
1964-09-30,5.1,11.8,408.0,,,,,,,,1455.0,957.0,90.0
1964-10-31,5.1,11.2,414.0,,,,,,,,1524.0,996.0,114.0
1964-11-30,4.8,12.5,466.0,,,,,,,,1486.0,930.0,90.0
1964-12-31,5.0,12.5,433.0,,,,,,,,1484.0,963.0,88.0
1965-01-31,4.9,12.1,374.0,,,,,,,,1361.0,902.0,85.0
1965-02-28,5.1,10.7,494.0,,,,,,,,1433.0,853.0,86.0
1965-03-31,4.7,10.8,407.0,,,,,,,,1423.0,929.0,87.0
1965-04-30,4.8,10.2,397.0,,,,,,,,1438.0,950.0,91.0
1965-05-31,4.6,11.2,426.0,,,,,,,,1478.0,949.0,103.0
1965-06-30,4.6,12.1,458.0,,,,,,,,1488.0,947.0,83.0
1965-07-31,4.4,11.9,416.0,,,,,,,,1529.0,1033.0,80.0
1965-08-31,4.4,11.7,385.0,,,,,,,,1432.0,958.0,89.0
1965-09-30,4.3,12.5,431.0,,,,,,,,1482.0,962.0,89.0
1965-10-31,4.2,10.9,438.0,,,,,,,,1452.0,954.0,60.0
1965-11-30,4.1,11.5,376.0,,,,,,,,1460.0,992.0,92.0
1965-12-31,4.0,11.7,469.0,,,,,,,,1656.0,1093.0,94.0
1966-01-31,4.0,11.2,450.0,,,,,,,,1370.0,848.0,72.0
1966-02-28,3.8,11.0,404.0,,,,,,,,1378.0,910.0,64.0
1966-03-31,3.8,10.7,364.0,,,,,,,,1394.0,950.0,80.0
1966-04-30,3.8,10.3,393.0,,,,,,,,1352.0,879.0,80.0
1966-05-31,3.9,11.2,382.0,,,,,,,,1265.0,822.0,61.0
1966-06-30,3.8,11.4,351.0,,,,,,,,1194.0,783.0,60.0
1966-07-31,3.8,10.9,289.0,,,,,,,,1086.0,739.0,58.0
1966-08-31,3.8,11.2,319.0,,,,,,,,1119.0,746.0,54.0
1966-09-30,3.7,11.0,298.0,,,,,,,,1046.0,699.0,49.0
1966-10-31,3.7,11.6,192.0,,,,,,,,843.0,597.0,54.0
1966-11-30,3.6,11.8,237.0,,,,,,,,961.0,679.0,45.0
1966-12-31,3.8,11.6,264.0,,,,,,,,990.0,666.0,60.0
1967-01-31,3.9,12.1,252.0,,,,,,,,1067.0,768.0,47.0
1967-02-28,3.8,12.6,340.0,,,,,,,,1123.0,724.0,59.0
1967-03-31,3.8,12.8,257.0,,,,,,,,1056.0,757.0,42.0
1967-04-30,3.8,11.9,279.0,,,,,,,,1091.0,755.0,57.0
1967-05-31,3.8,12.0,374.0,,,,,,,,1304.0,852.0,78.0
1967-06-30,3.9,11.9,326.0,,,,,,,,1248.0,859.0,63.0
1967-07-31,3.8,12.6,405.0,,,,,,,,1364.0,875.0,84.0
1967-08-31,3.8,12.6,415.0,,,,,,,,1407.0,903.0,89.0
1967-09-30,3.8,11.9,434.0,,,,,,,,1421.0,912.0,75.0
1967-10-31,4.0,12.9,491.0,,,,,,,,1491.0,910.0,90.0
1967-11-30,3.9,12.8,517.0,,,,,,,,1538.0,942.0,79.0
1967-12-31,3.8,11.8,405.0,,,,,,,,1308.0,819.0,84.0
1968-01-31,3.7,11.7,457.0,,,,,,,,1380.0,839.0,84.0
1968-02-29,3.8,12.3,443.0,,,,,,,,1520.0,993.0,84.0
1968-03-31,3.7,11.7,464.0,,,,,,,,1466.0,912.0,90.0
1968-04-30,3.5,12.3,551.0,,,,,,,,1554.0,925.0,78.0
1968-05-31,3.5,12.0,477.0,,,,,,,,1408.0,850.0,81.0
1968-06-30,3.7,11.7,516.0,,,,,,,,1405.0,799.0,90.0
1968-07-31,3.7,10.7,509.0,,,,,,,,1512.0,923.0,80.0
1968-08-31,3.5,10.5,530.0,,,,,,,,1495.0,888.0,77.0
1968-09-30,3.4,10.6,556.0,,,,,,,,1556.0,924.0,76.0
1968-10-31,3.4,10.8,540.0,,,,,,,,1569.0,953.0,76.0
1968-11-30,3.4,10.6,672.0,,,,,,,,1630.0,877.0,81.0
1968-12-31,3.4,11.1,554.0,,,,,,,,1548.0,921.0,73.0
1969-01-31,3.4,10.3,712.0,,,,,,,,1769.0,967.0,90.0
1969-02-28,3.4,9.7,720.0,,,,,,,,1705.0,876.0,109.0
1969-03-31,3.4,10.2,633.0,,,,,,,,1561.0,836.0,92.0
1969-04-30,3.4,9.7,609.0,,,,,,,,1524.0,815.0,100.0
1969-05-31,3.4,10.1,605.0,,,,,,,,1583.0,897.0,81.0
1969-06-30,3.5,11.1,639.0,,,,,,,,1528.0,814.0,75.0
1969-07-31,3.5,11.8,512.0,,,,,,,,1368.0,792.0,64.0
1969-08-31,3.5,11.5,547.0,,,,,,,,1358.0,745.0,66.0
1969-09-30,3.7,11.6,599.0,,,,,,,,1507.0,824.0,84.0
1969-10-31,3.7,11.4,530.0,,,,,,,,1381.0,757.0,94.0
1969-11-30,3.5,11.6,411.0,,,,,,,,1229.0,740.0,78.0
1969-12-31,3.5,11.8,501.0,,,,,,,,1327.0,722.0,104.0
1970-01-31,3.9,11.8,429.0,,,,,,,,1085.0,596.0,60.0
1970-02-28,4.2,11.7,495.0,,,,,,,,1305.0,740.0,70.0
1970-03-31,4.4,12.4,525.0,,,,,,,,1319.0,726.0,68.0
1970-04-30,4.6,13.3,483.0,,,,,,,,1264.0,720.0,61.0
1970-05-31,4.8,12.4,456.0,,,,,,,,1290.0,749.0,85.0
1970-06-30,4.9,12.3,496.0,,,,,,,,1385.0,806.0,83.0
1970-07-31,5.0,13.5,605.0,,,,,,,,1517.0,818.0,94.0
1970-08-31,5.1,13.4,475.0,,,,,,,,1399.0,834.0,90.0
1970-09-30,5.4,12.9,568.0,,,,,,,,1534.0,865.0,101.0
1970-10-31,5.5,13.1,609.0,,,,,,,,1580.0,883.0,88.0
1970-11-30,5.9,13.6,609.0,,,,,,,,1647.0,926.0,112.0
1970-12-31,6.1,13.2,684.0,,,,,,,,1893.0,1108.0,101.0
1971-01-31,5.9,13.3,721.0,,,,,,,,1828.0,1004.0,103.0
1971-02-28,5.9,13.3,624.0,,,,,,,,1741.0,1009.0,108.0
1971-03-31,6.0,13.5,717.0,,,,,,,,1910.0,1078.0,115.0
1971-04-30,5.9,13.2,731.0,,,,,,,,1986.0,1134.0,121.0
1971-05-31,5.9,13.6,785.0,,,,,,,,2049.0,1151.0,113.0
1971-06-30,5.9,14.7,744.0,,,,,,,,2026.0,1159.0,123.0
1971-07-31,6.0,13.8,800.0,,,,,,,,2083.0,1148.0,135.0
1971-08-31,6.1,13.6,847.0,,,,,,,,2158.0,1174.0,137.0
1971-09-30,6.0,13.3,748.0,,,,,,,,2041.0,1155.0,138.0
1971-10-31,5.8,13.3,797.0,,,,,,,,2128.0,1212.0,119.0
1971-11-30,6.0,13.1,854.0,,,,,,,,2182.0,1225.0,103.0
1971-12-31,6.0,13.0,868.0,,,,,,,,2295.0,1302.0,125.0
1972-01-31,5.8,12.5,924.0,,,,,,,,2494.0,1409.0,161.0
1972-02-29,5.7,12.8,944.0,,,,,,,,2390.0,1249.0,197.0
1972-03-31,5.8,11.8,872.0,,,,,,,,2334.0,1320.0,142.0
1972-04-30,5.7,11.5,866.0,,,,,,,,2249.0,1239.0,144.0
1972-05-31,5.7,11.7,829.0,,,,,,,,2221.0,1275.0,117.0
1972-06-30,5.7,11.7,846.0,,,,,,,,2254.0,1273.0,135.0
1972-07-31,5.6,11.7,850.0,,,,,,,,2252.0,1290.0,112.0
1972-08-31,5.6,12.0,899.0,,,,,,,,2382.0,1345.0,138.0
1972-09-30,5.5,12.2,953.0,,,,,,,,2481.0,1399.0,129.0
1972-10-31,5.6,13.0,984.0,,,,,,,,2485.0,1341.0,160.0
1972-11-30,5.3,13.6,950.0,,,,,,,,2421.0,1332.0,139.0
1972-12-31,5.2,13.7,964.0,,,,,,,,2366.0,1259.0,143.0
1973-01-31,4.9,12.4,899.0,,,,,,,,2481.0,1431.0,151.0
1973-02-28,5.0,12.5,825.0,,,,,,,,2289.0,1341.0,123.0
1973-03-31,4.9,12.7,1000.0,,,,,,,,2365.0,1237.0,128.0
1973-04-30,5.0,13.2,744.0,,,,,,,,2084.0,1216.0,124.0
1973-05-31,4.9,13.2,892.0,,,,,,,,2266.0,1220.0,154.0
1973-06-30,4.9,13.6,839.0,,,,,,,,2067.0,1106.0,122.0
1973-07-31,4.8,13.2,810.0,,,,,,,,2123.0,1178.0,135.0
1973-08-31,4.8,13.9,831.0,,,,,,,,2051.0,1106.0,114.0
1973-09-30,4.8,13.1,750.0,,,,,,,,1874.0,1019.0,105.0
1973-10-31,4.6,14.4,629.0,,,,,,,,1677.0,970.0,78.0
1973-11-30,4.8,14.4,670.0,,,,,,,,1724.0,960.0,94.0
1973-12-31,4.9,14.8,618.0,,,,,,,,1526.0,824.0,84.0
1974-01-31,5.1,14.3,544.0,,,,,,,,1451.0,813.0,94.0
1974-02-28,5.2,14.2,677.0,,,,,,,,1752.0,991.0,84.0
1974-03-31,5.1,13.4,498.0,,,,,,,,1555.0,970.0,87.0
1974-04-30,5.1,13.1,517.0,,,,,,,,1607.0,1004.0,86.0
1974-05-31,5.1,12.8,430.0,,,,,,,,1426.0,909.0,87.0
1974-06-30,5.4,12.8,464.0,,,,,,,,1513.0,979.0,70.0
1974-07-31,5.5,12.8,339.0,,,,,,,,1316.0,906.0,71.0
1974-08-31,5.5,12.1,272.0,,,,,,,,1142.0,817.0,53.0
1974-09-30,5.9,12.9,246.0,,,,,,,,1150.0,860.0,44.0
1974-10-31,6.0,13.4,256.0,,,,,,,,1070.0,770.0,44.0
1974-11-30,6.6,13.8,170.0,,,,,,,,1026.0,808.0,48.0
1974-12-31,7.2,14.0,176.0,,,,,,,,975.0,760.0,39.0
1975-01-31,8.1,13.2,226.0,,,,,,,,1032.0,765.0,41.0
1975-02-28,8.1,12.5,188.0,,,,,,,,904.0,667.0,49.0
1975-03-31,8.6,12.7,179.0,,,,,,,,993.0,769.0,45.0
1975-04-30,8.8,14.2,172.0,,,,,,,,1005.0,787.0,46.0
1975-05-31,9.0,17.3,184.0,,,,,,,,1121.0,885.0,52.0
1975-06-30,8.8,14.3,157.0,,,,,,,,1087.0,872.0,58.0
1975-07-31,8.6,12.6,228.0,,,,,,,,1226.0,919.0,79.0
1975-08-31,8.4,13.0,219.0,,,,,,,,1260.0,973.0,68.0
1975-09-30,8.4,13.0,236.0,,,,,,,,1264.0,957.0,71.0
1975-10-31,8.4,13.4,211.0,,,,,,,,1344.0,1039.0,94.0
1975-11-30,8.3,12.7,247.0,,,,,,,,1360.0,1035.0,78.0
1975-12-31,8.2,12.0,219.0,,,,,,,,1321.0,1025.0,77.0
1976-01-31,7.9,11.7,229.0,,,,,,,,1367.0,1059.0,79.0
1976-02-29,7.7,12.3,218.0,,,,,,,,1538.0,1255.0,65.0
1976-03-31,7.6,12.2,228.0,,,,,,,,1421.0,1110.0,83.0
1976-04-30,7.7,11.7,244.0,,,,,,,,1395.0,1076.0,75.0
1976-05-31,7.4,12.3,277.0,,,,,,,,1459.0,1093.0,89.0
1976-06-30,7.6,11.4,288.0,,,,,,,,1495.0,1127.0,80.0
1976-07-31,7.8,11.7,203.0,,,,,,,,1401.0,1126.0,72.0
1976-08-31,7.8,11.7,289.0,,,,,,,,1550.0,1177.0,84.0
1976-09-30,7.6,11.4,390.0,,,,,,,,1720.0,1226.0,104.0
1976-10-31,7.7,11.1,308.0,,,,,,,,1629.0,1230.0,91.0
1976-11-30,7.8,11.4,334.0,,,,,,,,1641.0,1212.0,95.0
1976-12-31,7.8,10.6,388.0,,,,,,,,1804.0,1307.0,109.0
1977-01-31,7.5,10.6,315.0,,,,,,,,1527.0,1100.0,112.0
1977-02-28,7.6,9.3,295.0,,,,,,,,1943.0,1503.0,145.0
1977-03-31,7.4,10.5,464.0,,,,,,,,2063.0,1486.0,113.0
1977-04-30,7.2,10.5,355.0,,,,,,,,1892.0,1421.0,116.0
1977-05-31,7.0,10.3,386.0,,,,,,,,1971.0,1466.0,119.0
1977-06-30,7.2,10.6,394.0,,,,,,,,1893.0,1389.0,110.0
1977-07-31,6.9,10.5,487.0,,,,,,,,2058.0,1450.0,121.0
1977-08-31,7.0,10.9,463.0,,,,,,,,2020.0,1442.0,115.0
1977-09-30,6.8,11.1,352.0,,,,,,,,1949.0,1475.0,122.0
1977-10-31,6.8,11.0,437.0,,,,,,,,2042.0,1487.0,118.0
1977-11-30,6.8,11.2,407.0,,,,,,,,2042.0,1499.0,136.0
1977-12-31,6.4,11.4,465.0,,,,,,,,2142.0,1530.0,147.0
1978-01-31,6.4,11.9,357.0,,,,,,,,1718.0,1257.0,104.0
1978-02-28,6.3,11.1,399.0,,,,,,,,1738.0,1235.0,104.0
1978-03-31,6.3,11.0,478.0,,,,,,,,2032.0,1429.0,125.0
1978-04-30,6.1,10.8,544.0,,,,,,,,2197.0,1517.0,136.0
1978-05-31,6.0,10.3,473.0,,,,,,,,2075.0,1508.0,94.0
1978-06-30,5.9,10.0,493.0,,,,,,,,2070.0,1430.0,147.0
1978-07-31,6.2,10.9,497.0,,,,,,,,2092.0,1459.0,136.0
1978-08-31,5.9,10.5,443.0,,,,,,,,1996.0,1425.0,128.0
1978-09-30,6.0,10.6,471.0,,,,,,,,1970.0,1389.0,110.0
1978-10-31,5.8,10.7,465.0,,,,,,,,1981.0,1384.0,132.0
1978-11-30,5.9,10.5,425.0,,,,,,,,2094.0,1525.0,144.0
1978-12-31,6.0,10.4,463.0,,,,,,,,2044.0,1460.0,121.0
1979-01-31,5.9,11.1,410.0,,,,,,,,1630.0,1110.0,110.0
1979-02-28,5.9,11.1,375.0,,,,,,,,1520.0,1052.0,93.0
1979-03-31,5.8,11.2,405.0,,,,,,,,1847.0,1322.0,120.0
1979-04-30,5.8,11.0,343.0,,,,,,,,1748.0,1287.0,118.0
1979-05-31,5.6,10.3,474.0,,,,,,,,1876.0,1277.0,125.0
1979-06-30,5.7,9.9,474.0,,,,,,,,1913.0,1316.0,123.0
1979-07-31,5.7,10.6,429.0,,,,,,,,1760.0,1192.0,139.0
1979-08-31,6.0,9.7,407.0,,,,,,,,1778.0,1223.0,148.0
1979-09-30,5.9,9.4,523.0,,,,,,,,1832.0,1188.0,121.0
1979-10-31,6.0,9.7,434.0,,,,,,,,1681.0,1119.0,128.0
1979-11-30,5.9,9.7,461.0,,,,,,,,1524.0,957.0,106.0
1979-12-31,6.0,10.1,374.0,,,,,,,,1498.0,1016.0,108.0
1980-01-31,6.3,9.9,287.0,,,,,,1.981,,1341.0,940.0,114.0
1980-02-29,6.3,10.1,443.0,,,,,,1.994,,1350.0,809.0,98.0
1980-03-31,6.3,10.2,320.0,,,,,,2.003,,1047.0,633.0,94.0
1980-04-30,6.9,11.3,298.0,,,,,,2.006,,1051.0,645.0,108.0
1980-05-31,7.5,11.4,190.0,,,,,,2.006,,927.0,656.0,81.0
1980-06-30,7.6,11.2,341.0,,,,,,2.018,,1196.0,772.0,83.0
1980-07-31,7.8,11.3,332.0,,,,,,2.012,,1269.0,857.0,80.0
1980-08-31,7.7,11.3,310.0,,,,,,2.046,,1436.0,992.0,134.0
1980-09-30,7.5,11.7,312.0,,,,,,2.035,,1471.0,1019.0,140.0
1980-10-31,7.5,11.3,396.0,,,,,,2.066,,1523.0,1009.0,118.0
1980-11-30,7.5,11.6,379.0,,,,,,2.138,,1510.0,993.0,138.0
1980-12-31,7.2,11.4,421.0,,,,,,2.176,,1482.0,935.0,126.0
1981-01-31,7.5,10.9,465.0,,,,,,2.203,,1547.0,945.0,137.0
1981-02-28,7.4,10.8,329.0,,,,,,2.195,,1246.0,806.0,111.0
1981-03-31,7.4,10.8,344.0,,,,,,2.229,,1306.0,852.0,110.0
1981-04-30,7.2,10.9,358.0,,,,,,2.277,,1360.0,907.0,95.0
1981-05-31,7.5,11.0,277.0,,,,,,2.271,,1140.0,756.0,107.0
1981-06-30,7.5,10.8,258.0,,,,,,2.295,,1045.0,696.0,91.0
1981-07-31,7.2,12.3,262.0,,,,,,2.256,,1041.0,698.0,81.0
1981-08-31,7.4,12.0,253.0,,,,,,2.293,,940.0,611.0,76.0
1981-09-30,7.6,12.4,216.0,,,,,,2.301,,911.0,635.0,60.0
1981-10-31,7.9,13.0,267.0,,,,,,2.324,,873.0,523.0,83.0
1981-11-30,8.3,13.2,217.0,,,,,,2.375,,837.0,538.0,82.0
1981-12-31,8.5,12.5,271.0,,,,,,2.338,,910.0,563.0,76.0
1982-01-31,8.6,12.7,216.0,,,,,,2.38,,843.0,557.0,70.0
1982-02-28,8.9,12.1,246.0,,,,,,2.413,,866.0,541.0,79.0
1982-03-31,9.0,12.2,253.0,,,,,,2.391,,931.0,609.0,69.0
1982-04-30,9.3,12.9,269.0,,,,,,2.38,,917.0,586.0,62.0
1982-05-31,9.4,12.3,330.0,,,,,,2.4,,1025.0,604.0,91.0
1982-06-30,9.6,12.3,204.0,,,,,,2.385,,902.0,613.0,85.0
1982-07-31,9.8,12.5,435.0,,,,,,2.394,,1166.0,639.0,92.0
1982-08-31,9.8,12.6,305.0,,,,,,2.424,,1046.0,654.0,87.0
1982-09-30,10.1,11.8,364.0,,,,,,2.4,,1144.0,689.0,91.0
1982-10-31,10.4,11.3,365.0,,,,,,2.431,,1173.0,737.0,71.0
1982-11-30,10.8,10.9,428.0,,,,,,2.388,,1372.0,865.0,79.0
1982-12-31,10.8,10.9,360.0,,,,,,2.395,,1303.0,862.0,81.0
1983-01-31,10.4,11.1,441.0,,,,,,2.441,,1586.0,1046.0,99.0
1983-02-28,10.4,11.1,544.0,,,,,,2.486,,1699.0,1042.0,113.0
1983-03-31,10.3,10.6,507.0,,,,,,2.508,,1606.0,998.0,101.0
1983-04-30,10.2,10.3,370.0,,,,,,2.52,,1472.0,995.0,107.0
1983-05-31,10.1,9.9,536.0,,,,,,2.536,,1776.0,1140.0,100.0
1983-06-30,10.1,9.1,488.0,,,,,,2.472,,1733.0,1121.0,124.0
1983-07-31,9.4,9.6,589.0,,,,,,2.475,,1785.0,1064.0,132.0
1983-08-31,9.5,9.2,647.0,,,,,,2.524,,1910.0,1155.0,108.0
1983-09-30,9.2,9.6,530.0,,,,,,2.54,,1710.0,1060.0,120.0
1983-10-31,8.8,9.7,578.0,,,,,,2.5,,1715.0,1035.0,102.0
1983-11-30,8.5,10.3,547.0,,,,,,2.515,,1785.0,1106.0,132.0
1983-12-31,8.3,10.1,547.0,,,,,,2.526,,1688.0,1017.0,124.0
1984-01-31,8.0,10.0,566.0,,,,,,2.492,,1897.0,1217.0,114.0
1984-02-29,7.8,11.7,712.0,,,,,,2.564,,2260.0,1400.0,148.0
1984-03-31,7.8,11.5,482.0,,,,,,2.516,,1663.0,1046.0,135.0
1984-04-30,7.7,11.5,573.0,,,,,,2.52,,1851.0,1124.0,154.0
1984-05-31,7.4,11.1,561.0,,,,,,2.558,,1774.0,1100.0,113.0
1984-06-30,7.2,11.1,646.0,,,,,,2.561,,1843.0,1086.0,111.0
1984-07-31,7.5,11.6,605.0,,,,,,2.577,,1732.0,1006.0,121.0
1984-08-31,7.5,11.8,510.0,,,,,,2.6,,1586.0,967.0,109.0
1984-09-30,7.3,11.8,549.0,,,,,,2.613,,1698.0,1038.0,111.0
1984-10-31,7.4,11.7,477.0,,,,,,2.628,,1590.0,1002.0,111.0
1984-11-30,7.2,10.9,473.0,,,,,,2.592,,1689.0,1098.0,118.0
1984-12-31,7.3,11.2,399.0,,,,,,2.58,,1612.0,1097.0,116.0
1985-01-31,7.3,10.3,622.0,,,,,,2.602,,1711.0,988.0,101.0
1985-02-28,7.2,9.1,464.0,,,,,,2.609,,1632.0,1077.0,91.0
1985-03-31,7.2,8.7,571.0,,,,,,2.609,,1800.0,1127.0,102.0
1985-04-30,7.3,9.9,608.0,,,,,,2.629,,1821.0,1103.0,110.0
1985-05-31,7.2,11.1,548.0,,,,,,2.615,,1680.0,1027.0,105.0
1985-06-30,7.4,9.6,552.0,,,,,,2.607,,1676.0,1029.0,95.0
1985-07-31,7.4,9.1,518.0,,,,,,2.615,,1684.0,1079.0,87.0
1985-08-31,7.1,8.2,570.0,,,,,,2.601,,1743.0,1078.0,95.0
1985-09-30,7.1,7.3,566.0,,,,,,2.558,,1676.0,1020.0,90.0
1985-10-31,7.1,9.1,595.0,,,,,,2.596,,1834.0,1160.0,79.0
1985-11-30,7.0,9.0,579.0,,,,,,2.598,,1698.0,1040.0,79.0
1985-12-31,7.0,8.6,733.0,,,,,,2.631,,1942.0,1123.0,86.0
1986-01-31,6.7,8.6,602.0,,,,,,2.61,,1972.0,1270.0,100.0
1986-02-28,7.2,9.3,603.0,,,,,,2.608,,1848.0,1143.0,102.0
1986-03-31,7.2,9.9,617.0,,,,,,2.625,0.207,1876.0,1180.0,79.0
1986-04-30,7.1,9.7,656.0,,,,,,2.621,0.215,1933.0,1197.0,80.0
1986-05-31,7.2,9.3,543.0,,,,,,2.622,0.225,1854.0,1228.0,83.0
1986-06-30,7.2,9.4,550.0,,,,,,2.708,0.256,1847.0,1221.0,76.0
1986-07-31,7.0,9.3,549.0,,,,,,2.644,0.288,1782.0,1153.0,80.0
1986-08-31,6.9,9.0,527.0,,,,,,2.72,0.291,1807.0,1194.0,86.0
1986-09-30,7.0,7.2,486.0,,,,,,2.701,0.266,1687.0,1137.0,64.0
1986-10-31,7.0,8.4,471.0,,,,,,2.752,0.256,1681.0,1126.0,84.0
1986-11-30,6.9,8.8,439.0,,,,,,2.742,0.257,1623.0,1113.0,71.0
1986-12-31,6.6,7.0,495.0,,,,,,2.749,0.262,1833.0,1227.0,111.0
1987-01-31,6.6,9.7,474.0,,,,282.0,,2.754,,1774.0,1224.0,76.0
1987-02-28,6.6,8.5,431.0,,,,,,2.786,,1784.0,1282.0,71.0
1987-03-31,6.6,8.5,435.0,,,,,,2.808,0.264,1726.0,1205.0,86.0
1987-04-30,6.3,4.5,371.0,,,,,,2.804,0.276,1614.0,1181.0,62.0
1987-05-31,6.3,8.2,419.0,,,,,,2.776,0.3,1628.0,1141.0,68.0
1987-06-30,6.2,7.7,419.0,,,,,,2.801,0.32,1594.0,1092.0,83.0
1987-07-31,6.1,7.5,376.0,,,,,,2.785,0.323,1575.0,1137.0,62.0
1987-08-31,6.0,7.2,426.0,,,,,,2.717,0.288,1605.0,1120.0,59.0
1987-09-30,5.9,7.6,414.0,,,,,,2.701,0.256,1695.0,1232.0,49.0
1987-10-31,6.0,8.3,361.0,,,,,,2.674,0.244,1515.0,1090.0,64.0
1987-11-30,5.8,8.5,492.0,,,,,,2.734,0.245,1656.0,1112.0,52.0
1987-12-31,5.7,8.7,315.0,,,,,,2.674,0.247,1400.0,1034.0,51.0
1988-01-31,5.7,8.1,298.0,,,,281.0,,2.631,0.244,1271.0,924.0,49.0
1988-02-29,5.7,8.6,344.0,,,,,,2.597,0.243,1473.0,1070.0,59.0
1988-03-31,5.7,8.2,293.0,,,,,,2.604,0.24,1532.0,1177.0,62.0
1988-04-30,5.4,8.8,446.0,,,,,,2.58,0.244,1573.0,1072.0,55.0
1988-05-31,5.6,8.4,346.0,,,,,,2.598,0.247,1421.0,1020.0,55.0
1988-06-30,5.4,8.4,314.0,,,,,,2.572,0.256,1478.0,1106.0,58.0
1988-07-31,5.4,8.6,353.0,,,,,,2.616,0.257,1467.0,1061.0,53.0
1988-08-31,5.6,8.4,324.0,,,,,,2.617,0.268,1493.0,1109.0,60.0
1988-09-30,5.4,8.9,385.0,,,,,,2.636,0.268,1492.0,1044.0,63.0
1988-10-31,5.4,8.6,324.0,,,,,,2.62,0.279,1522.0,1139.0,59.0
1988-11-30,5.3,8.4,360.0,,,,,,2.662,0.287,1569.0,1141.0,68.0
1988-12-31,5.3,8.3,370.0,,,,,,2.699,0.295,1563.0,1131.0,62.0
1989-01-31,5.4,8.5,407.0,,,,287.9,,2.711,0.294,1621.0,1149.0,65.0
1989-02-28,5.2,9.0,363.0,,,,,,2.876,0.312,1425.0,1002.0,60.0
1989-03-31,5.0,9.5,385.0,,,,,,2.906,0.335,1422.0,982.0,55.0
1989-04-30,5.2,8.4,252.0,,,,,,2.95,0.36,1339.0,1030.0,57.0
1989-05-31,5.2,8.1,297.0,,,,,,2.94,0.368,1331.0,989.0,45.0
1989-06-30,5.3,8.2,370.0,,,,,,2.883,0.374,1397.0,973.0,54.0
1989-07-31,5.2,8.2,342.0,,,,,,2.842,0.392,1427.0,1027.0,58.0
1989-08-31,5.2,7.6,278.0,,,,,,2.855,0.391,1332.0,1000.0,54.0
1989-09-30,5.3,8.1,258.0,,,,,,2.824,0.341,1279.0,966.0,55.0
1989-10-31,5.3,8.5,325.0,,,,,,2.824,0.313,1410.0,1025.0,60.0
1989-11-30,5.4,8.6,279.0,,,,,,2.862,0.307,1351.0,1023.0,49.0
1989-12-31,5.4,7.8,292.0,,,,,,2.853,0.313,1251.0,909.0,50.0
1990-01-31,5.4,8.0,395.0,,,,293.9,,2.866,0.333,1551.0,1100.0,56.0
1990-02-28,5.3,8.6,294.0,,,,,,2.947,0.355,1437.0,1102.0,41.0
1990-03-31,5.2,8.3,281.0,,,,,,2.962,0.387,1289.0,971.0,37.0
1990-04-30,5.4,8.8,275.0,,,,,,2.984,0.434,1248.0,922.0,51.0
1990-05-31,5.4,8.7,281.0,,,,,,2.94,0.427,1212.0,893.0,38.0
1990-06-30,5.2,8.6,251.0,,,,,,2.951,0.422,1177.0,885.0,41.0
1990-07-31,5.5,8.7,258.0,,,,,,2.945,0.405,1171.0,883.0,30.0
1990-08-31,5.7,8.1,258.0,,,,,,2.949,0.381,1115.0,827.0,30.0
1990-09-30,5.9,8.1,216.0,,,,,,2.98,0.348,1110.0,858.0,36.0
1990-10-31,5.9,7.8,156.0,,,,,,3.032,0.322,1014.0,835.0,23.0
1990-11-30,6.2,7.9,309.0,,,,,,2.971,0.315,1145.0,780.0,56.0
1990-12-31,6.3,8.8,203.0,,,,,,2.971,0.318,969.0,751.0,15.0
1991-01-31,6.4,9.3,164.0,,,,271.8,,2.99,0.332,798.0,604.0,30.0
1991-02-28,6.6,8.8,171.0,,,,,,2.982,0.33,965.0,755.0,39.0
1991-03-31,6.8,8.0,144.0,,,,,,2.954,0.327,921.0,750.0,27.0
1991-04-30,6.7,8.6,150.0,,,,,,2.96,0.339,1001.0,819.0,32.0
1991-05-31,6.9,8.4,119.0,,,,,,2.937,0.343,996.0,839.0,38.0
1991-06-30,6.9,8.9,139.0,,,,,,3.062,0.386,1036.0,874.0,23.0
1991-07-31,6.8,8.2,132.0,,,,,,2.929,0.376,1063.0,887.0,44.0
1991-08-31,6.9,8.6,128.0,,,,,,2.939,0.35,1049.0,882.0,39.0
1991-09-30,6.9,8.8,119.0,,,,,,2.901,0.314,1015.0,868.0,28.0
1991-10-31,7.0,9.3,148.0,,,,,,3.021,0.29,1079.0,878.0,53.0
1991-11-30,7.0,9.0,156.0,,,,,,2.93,0.287,1103.0,916.0,31.0
1991-12-31,7.3,9.7,90.0,,,,,100.0,2.954,0.283,1079.0,947.0,42.0
1992-01-31,7.3,9.4,176.0,,,,269.3,98.3,2.942,0.286,1176.0,969.0,31.0
1992-02-29,7.4,9.8,123.0,,,,,93.9,2.914,0.285,1250.0,1102.0,25.0
1992-03-31,7.4,9.7,216.0,,,,,97.0,2.943,0.28,1297.0,1037.0,44.0
1992-04-30,7.4,9.9,125.0,,,,,122.9,2.857,0.285,1099.0,945.0,29.0
1992-05-31,7.6,9.9,144.0,,,,,115.7,2.871,0.292,1214.0,1038.0,32.0
1992-06-30,7.8,10.1,107.0,,,,,132.2,2.906,0.294,1145.0,999.0,39.0
1992-07-31,7.7,9.6,129.0,,,,,252.6,2.911,0.328,1139.0,984.0,26.0
1992-08-31,7.6,9.7,157.0,,,,,216.3,2.974,0.352,1226.0,1037.0,32.0
1992-09-30,7.6,8.7,135.0,,,,,134.1,2.856,0.33,1186.0,1024.0,27.0
1992-10-31,7.3,8.0,131.0,,,,,124.5,2.937,0.313,1244.0,1093.0,20.0
1992-11-30,7.4,8.0,112.0,,,,,133.9,2.836,0.301,1214.0,1078.0,24.0
1992-12-31,7.4,10.6,117.0,,,,,127.1,2.84,0.308,1227.0,1075.0,35.0
1993-01-31,7.3,8.6,92.0,,,,276.6,144.6,2.832,0.311,1210.0,1091.0,27.0
1993-02-28,7.1,8.9,125.0,,,,,141.8,2.935,0.311,1210.0,1063.0,22.0
1993-03-31,7.0,8.9,105.0,,,,,151.4,2.839,0.327,1083.0,950.0,28.0
1993-04-30,7.1,8.7,120.0,,,,,166.8,2.836,0.354,1258.0,1110.0,28.0
1993-05-31,7.1,8.3,107.0,,,,,163.4,2.898,0.36,1260.0,1128.0,25.0
1993-06-30,7.0,7.8,165.0,,,,,170.1,2.827,0.379,1280.0,1081.0,34.0
1993-07-31,6.9,7.6,117.0,,,,,162.5,2.893,0.376,1254.0,1086.0,51.0
1993-08-31,6.8,7.7,119.0,,,,,158.9,2.966,0.37,1300.0,1162.0,19.0
1993-09-30,6.7,6.9,170.0,,,,,149.2,2.895,0.341,1343.0,1143.0,30.0
1993-10-31,6.8,6.3,148.0,,,,,158.9,2.911,0.341,1392.0,1209.0,35.0
1993-11-30,6.6,6.3,120.0,,,,,230.6,2.843,0.347,1376.0,1228.0,28.0
1993-12-31,6.5,9.1,195.0,,,,,201.5,2.918,0.364,1533.0,1316.0,22.0
1994-01-31,6.6,7.1,107.0,,,,279.0,188.0,2.872,0.369,1272.0,1140.0,25.0
1994-02-28,6.6,6.5,172.0,,,,,176.3,3.018,0.373,1337.0,1133.0,32.0
1994-03-31,6.5,6.8,225.0,,,,,193.9,2.97,0.395,1564.0,1306.0,33.0
1994-04-30,6.4,6.4,227.0,,,,,185.8,3.012,0.413,1465.0,1206.0,32.0
1994-05-31,6.1,7.6,246.0,,,,,170.8,2.999,0.389,1526.0,1244.0,36.0
1994-06-30,6.1,6.9,199.0,,,,,179.4,2.968,0.39,1409.0,1193.0,17.0
1994-07-31,6.1,7.0,179.0,,,,,175.4,2.902,0.401,1439.0,1231.0,29.0
1994-08-31,6.0,6.5,254.0,,,,,170.2,2.992,0.389,1450.0,1149.0,47.0
1994-09-30,5.9,6.8,234.0,,,,,117.0,2.965,0.355,1474.0,1201.0,39.0
1994-10-31,5.8,7.1,264.0,,,,,115.6,2.924,0.34,1450.0,1152.0,34.0
1994-11-30,5.6,7.0,267.0,,,,,113.9,3.02,0.339,1511.0,1187.0,57.0
1994-12-31,5.5,7.2,267.0,,,,,107.9,3.012,0.335,1455.0,1151.0,37.0
1995-01-31,5.6,7.5,280.0,,,,283.5,108.5,3.079,0.339,1407.0,1083.0,44.0
1995-02-28,5.4,7.8,220.0,,,,,111.5,3.014,0.337,1316.0,1053.0,43.0
1995-03-31,5.4,7.5,216.0,,,,,126.9,2.975,0.348,1249.0,996.0,37.0
1995-04-30,5.8,6.9,231.0,,,,,118.5,3.048,0.359,1267.0,1013.0,23.0
1995-05-31,5.6,7.1,255.0,,,,,112.9,2.952,0.357,1314.0,1024.0,35.0
1995-06-30,5.6,6.7,225.0,,,,,215.5,2.987,0.396,1281.0,1022.0,34.0
1995-07-31,5.7,7.1,286.0,,,,,257.8,2.971,0.439,1461.0,1133.0,42.0
1995-08-31,5.7,6.7,247.0,,,,,191.5,3.035,0.425,1416.0,1138.0,31.0
1995-09-30,5.6,6.8,235.0,,,,,210.9,2.97,0.399,1369.0,1095.0,39.0
1995-10-31,5.5,7.1,215.0,,,,,184.0,3.02,0.396,1369.0,1128.0,26.0
1995-11-30,5.6,6.6,291.0,,,,,180.7,2.979,0.377,1452.0,1131.0,30.0
1995-12-31,5.6,6.1,234.0,,,,,177.7,3.026,0.38,1431.0,1168.0,29.0
1996-01-31,5.6,6.7,302.0,,,,293.0,178.1,3.004,0.385,1467.0,1143.0,22.0
1996-02-29,5.5,6.7,300.0,,,,,184.0,2.96,0.385,1491.0,1158.0,33.0
1996-03-31,5.5,6.6,252.0,,,,,176.8,3.035,0.392,1424.0,1147.0,25.0
1996-04-30,5.6,5.7,249.0,,,,,176.9,3.075,0.394,1516.0,1211.0,56.0
1996-05-31,5.6,6.7,297.0,,,,,176.2,2.989,0.392,1504.0,1156.0,51.0
1996-06-30,5.3,7.1,228.0,,,,,205.5,2.981,0.401,1467.0,1192.0,47.0
1996-07-31,5.5,6.7,274.0,,,,,161.9,3.106,0.408,1472.0,1151.0,47.0
1996-08-31,5.1,6.6,269.0,,,,,147.7,3.086,0.403,1557.0,1252.0,36.0
1996-09-30,5.2,6.7,282.0,,,,,117.3,3.069,0.375,1475.0,1148.0,45.0
1996-10-31,5.2,6.4,227.0,,,,,96.0,3.155,0.359,1392.0,1113.0,52.0
1996-11-30,5.4,6.4,301.0,,,,,87.3,3.102,0.343,1489.0,1121.0,67.0
1996-12-31,5.4,6.4,265.0,,,,,81.7,3.118,0.335,1370.0,1060.0,45.0
1997-01-31,5.3,6.2,206.0,,,,299.7,81.9,3.125,0.335,1355.0,1108.0,41.0
1997-02-28,5.2,6.2,264.0,,,,,79.7,3.099,0.331,1486.0,1181.0,41.0
1997-03-31,5.2,6.4,285.0,,,,,84.5,3.145,0.33,1457.0,1130.0,42.0
1997-04-30,5.1,6.5,327.0,,,,,76.6,3.184,0.335,1492.0,1124.0,41.0
1997-05-31,4.9,6.8,301.0,,,,,70.3,3.056,0.338,1442.0,1105.0,36.0
1997-06-30,5.0,6.6,335.0,,,,,88.0,3.118,0.345,1494.0,1120.0,39.0
1997-07-31,4.9,6.1,267.0,,,,,98.7,3.117,0.367,1437.0,1133.0,37.0
1997-08-31,4.8,6.0,252.0,,,,,186.5,3.128,0.388,1390.0,1100.0,38.0
1997-09-30,4.9,6.2,294.0,,,,,156.2,3.176,0.388,1546.0,1205.0,47.0
1997-10-31,4.7,6.2,329.0,,,,,133.7,3.152,0.374,1520.0,1127.0,64.0
1997-11-30,4.6,6.4,309.0,,,,,129.7,3.133,0.366,1510.0,1154.0,47.0
1997-12-31,4.7,6.4,355.0,,,,,128.7,3.166,0.37,1566.0,1149.0,62.0
1998-01-31,4.6,7.4,252.0,,,,313.5,127.5,3.149,0.362,1525.0,1227.0,46.0
1998-02-28,4.6,7.4,280.0,,,,,123.3,3.136,0.362,1584.0,1237.0,67.0
1998-03-31,4.7,7.5,304.0,,,,,119.5,3.107,0.368,1567.0,1221.0,42.0
1998-04-30,4.3,7.2,268.0,,,,,117.9,3.175,0.369,1540.0,1230.0,42.0
1998-05-31,4.4,6.9,270.0,,,,,118.6,3.161,0.381,1536.0,1212.0,54.0
1998-06-30,4.5,6.8,320.0,,,,,127.9,3.153,0.39,1641.0,1275.0,46.0
1998-07-31,4.5,6.9,358.0,,,,,138.8,3.128,0.392,1698.0,1300.0,40.0
1998-08-31,4.5,6.8,289.0,,,,,127.3,3.21,0.382,1614.0,1274.0,51.0
1998-09-30,4.6,6.4,295.0,,,,,180.1,3.121,0.376,1582.0,1262.0,25.0
1998-10-31,4.5,6.2,374.0,,,,,133.6,3.219,0.379,1715.0,1298.0,43.0
1998-11-30,4.4,6.3,244.0,,,,,124.7,3.207,0.37,1660.0,1383.0,33.0
1998-12-31,4.4,5.8,353.0,,,,,124.5,3.177,0.375,1792.0,1412.0,27.0
1999-01-31,4.3,6.4,368.0,,,,341.8,134.4,3.217,0.381,1748.0,1349.0,31.0
1999-02-28,4.4,6.3,331.0,,,,,126.6,3.223,0.382,1670.0,1317.0,22.0
1999-03-31,4.2,6.0,326.0,,,,,129.9,3.249,0.384,1710.0,1345.0,39.0
1999-04-30,4.3,5.0,288.0,,,,,124.7,3.264,0.38,1553.0,1220.0,45.0
1999-05-31,4.2,4.8,273.0,,,,,149.2,3.212,0.388,1611.0,1312.0,26.0
1999-06-30,4.3,4.7,260.0,,,,,197.2,3.235,0.391,1559.0,1266.0,33.0
1999-07-31,4.3,4.8,318.0,,,,,190.5,3.255,0.411,1669.0,1308.0,43.0
1999-08-31,4.2,4.7,356.0,,,,,154.7,3.279,0.429,1648.0,1265.0,27.0
1999-09-30,4.2,4.1,311.0,,,,,111.8,3.237,0.413,1635.0,1286.0,38.0
1999-10-31,4.1,4.4,275.0,,,,,98.8,3.289,0.393,1608.0,1310.0,23.0
1999-11-30,4.1,4.6,299.0,,,,,105.9,3.299,0.384,1648.0,1321.0,28.0
1999-12-31,4.0,4.2,307.0,,,,,100.0,3.33,0.395,1708.0,1375.0,26.0
2000-01-31,4.0,5.0,338.0,,,,345.7,104.4,3.386,0.392,1636.0,1268.0,30.0
2000-02-29,4.1,4.5,436.0,,,,,102.9,3.448,0.401,1737.0,1255.0,46.0
2000-03-31,4.0,4.3,269.0,,,,,104.4,3.354,0.393,1604.0,1313.0,22.0
2000-04-30,3.8,4.8,316.0,,,,,102.1,3.409,0.388,1626.0,1275.0,35.0
2000-05-31,4.0,4.8,323.0,,,,,104.0,3.345,0.379,1575.0,1230.0,22.0
2000-06-30,4.0,4.8,301.0,,,,,103.0,3.302,0.376,1559.0,1202.0,56.0
2000-07-31,4.0,5.1,273.0,,,,,92.9,3.31,0.39,1463.0,1142.0,48.0
2000-08-31,4.1,5.2,261.0,,,,,105.5,3.302,0.4,1541.0,1231.0,49.0
2000-09-30,3.9,4.5,276.0,,,,,83.3,3.416,0.374,1507.0,1195.0,36.0
2000-10-31,3.9,4.8,275.0,,,,,77.9,3.341,0.367,1549.0,1235.0,39.0
2000-11-30,3.9,4.7,297.0,,,,,77.3,3.276,0.351,1551.0,1212.0,42.0
2000-12-31,3.9,4.4,267.0,,,,,74.5,3.437,0.347,1532.0,1226.0,39.0
2001-01-31,4.2,4.9,286.0,,,,351.3,74.0,3.391,0.355,1600.0,1275.0,39.0
2001-02-28,4.2,5.0,319.0,,,,,67.4,3.361,0.348,1625.0,1280.0,26.0
2001-03-31,4.3,5.3,329.0,,,,,77.2,3.378,0.356,1590.0,1218.0,43.0
2001-04-30,4.4,5.1,295.0,,,,,77.0,3.315,0.362,1649.0,1311.0,43.0
2001-05-31,4.3,4.5,292.0,,,,,107.4,3.395,0.363,1605.0,1285.0,28.0
2001-06-30,4.5,4.4,287.0,,,,,152.4,3.564,0.388,1636.0,1295.0,54.0
2001-07-31,4.6,5.6,331.0,,,,,175.2,3.335,0.409,1670.0,1298.0,41.0
2001-08-31,4.9,6.6,255.0,,,,,204.6,3.404,0.439,1567.0,1286.0,26.0
2001-09-30,5.0,7.0,273.0,,,,,177.5,3.397,0.422,1562.0,1243.0,46.0
2001-10-31,5.3,3.1,266.0,,,,,156.3,3.589,0.418,1540.0,1240.0,34.0
2001-11-30,5.5,3.5,320.0,,,,,148.1,3.507,0.41,1602.0,1244.0,38.0
2001-12-31,5.7,3.8,266.0,,,,,155.3,3.477,0.41,1568.0,1285.0,17.0
2002-01-31,5.7,5.7,311.0,,,62723.0,351.1,194.4,3.437,0.426,1698.0,1318.0,69.0
2002-02-28,5.7,5.5,284.0,,,61801.0,,193.0,3.278,0.447,1829.0,1501.0,44.0
2002-03-31,5.7,5.6,305.0,,,53009.0,,196.1,3.418,0.465,1642.0,1292.0,45.0
2002-04-30,5.9,5.5,287.0,,,53053.0,,202.1,3.294,0.493,1592.0,1277.0,28.0
2002-05-31,5.8,6.2,325.0,,,56278.0,,204.4,3.162,0.508,1764.0,1402.0,37.0
2002-06-30,5.8,6.2,302.0,,,55427.0,,254.6,3.43,0.517,1717.0,1368.0,47.0
2002-07-31,5.8,5.4,301.0,,,58337.0,,279.7,3.195,0.549,1655.0,1323.0,31.0
2002-08-31,5.7,5.4,355.0,,,57418.0,,169.2,3.312,0.559,1633.0,1247.0,31.0
2002-09-30,5.7,5.9,321.0,,,56791.0,,122.8,3.498,0.511,1804.0,1446.0,37.0
2002-10-31,5.7,5.8,262.0,,,57693.0,,96.5,3.357,0.492,1648.0,1352.0,34.0
2002-11-30,5.9,5.8,325.0,,,56464.0,,98.4,3.418,0.473,1753.0,1394.0,34.0
2002-12-31,6.0,5.4,314.0,,,64394.0,,95.1,3.472,0.479,1788.0,1439.0,35.0
2003-01-31,5.8,5.4,275.0,,,61246.0,345.6,97.1,3.483,0.483,1853.0,1537.0,41.0
2003-02-28,5.9,5.3,298.0,,,58630.0,,91.0,3.462,0.472,1629.0,1301.0,30.0
2003-03-31,5.9,5.0,293.0,,,53636.0,,92.4,3.546,0.463,1726.0,1399.0,34.0
2003-04-30,6.0,5.1,238.0,,,54692.0,,87.0,3.581,0.466,1643.0,1374.0,31.0
2003-05-31,6.1,5.5,333.0,,,53949.0,,81.2,3.415,0.466,1751.0,1391.0,27.0
2003-06-30,6.3,5.3,325.0,,,55866.0,,77.6,3.581,0.462,1867.0,1513.0,29.0
2003-07-31,6.2,6.1,326.0,,,55695.0,,67.4,3.367,0.464,1897.0,1535.0,36.0
2003-08-31,6.1,5.9,316.0,,,57611.0,,88.1,3.539,0.464,1833.0,1484.0,33.0
2003-09-30,6.1,5.1,339.0,,,59977.0,,84.3,3.508,0.444,1939.0,1555.0,45.0
2003-10-31,6.0,5.3,307.0,,,59013.0,,83.3,3.425,0.441,1967.0,1631.0,29.0
2003-11-30,5.8,5.3,351.0,,,58686.0,,83.1,3.493,0.438,2083.0,1694.0,38.0
2003-12-31,5.7,5.2,381.0,,,57916.0,,80.1,3.583,0.439,2057.0,1647.0,29.0
2004-01-31,5.7,4.9,322.0,,,57304.0,352.8,75.4,3.428,0.457,1911.0,1560.0,29.0
2004-02-29,5.6,4.9,336.0,,,55212.0,,74.5,3.584,0.446,1846.0,1481.0,29.0
2004-03-31,5.8,4.7,334.0,,,60294.0,,77.0,3.435,0.459,1998.0,1632.0,32.0
2004-04-30,5.6,5.1,320.0,,,60656.0,,83.8,3.377,0.461,2003.0,1646.0,37.0
2004-05-31,5.6,5.1,272.0,,,58842.0,,76.8,3.359,0.435,1981.0,1652.0,57.0
2004-06-30,5.6,5.6,276.0,,,59954.0,,77.6,3.446,0.462,1828.0,1526.0,26.0
2004-07-31,5.5,5.0,263.0,,,57778.0,,75.4,3.46,0.471,2002.0,1675.0,64.0
2004-08-31,5.4,5.0,266.0,,,57106.0,,92.0,3.455,0.464,2024.0,1691.0,67.0
2004-09-30,5.4,4.4,319.0,,,54552.0,,81.5,3.244,0.446,1905.0,1555.0,31.0
2004-10-31,5.5,4.3,370.0,,,58573.0,,76.8,3.395,0.45,2072.0,1660.0,42.0
2004-11-30,5.4,3.8,285.0,,,63169.0,,76.6,3.308,0.443,1782.0,1458.0,39.0
2004-12-31,5.4,6.6,281.0,,,61899.0,,72.7,3.35,0.449,2042.0,1714.0,47.0
2005-01-31,5.3,3.2,358.0,,,59935.0,356.4,71.3,3.256,0.458,2144.0,1739.0,47.0
2005-02-28,5.4,2.9,363.0,,,64765.0,,75.1,3.315,0.448,2207.0,1792.0,52.0
2005-03-31,5.2,3.1,247.0,,,63023.0,,71.7,3.224,0.44,1864.0,1583.0,34.0
2005-04-30,5.2,2.7,354.0,,,62012.0,,72.0,3.456,0.45,2061.0,1658.0,49.0
2005-05-31,5.1,3.2,275.0,,,62550.0,,74.9,3.377,0.452,2025.0,1714.0,36.0
2005-06-30,5.0,2.6,312.0,,,63388.0,,86.6,3.519,0.455,2068.0,1719.0,37.0
2005-07-31,5.0,2.1,294.0,,,63504.0,,87.5,3.364,0.477,2054.0,1724.0,36.0
2005-08-31,4.9,2.6,324.0,,,64349.0,,113.7,3.363,0.491,2095.0,1728.0,43.0
2005-09-30,5.0,2.7,305.0,,,66022.0,,120.5,3.302,0.482,2151.0,1789.0,57.0
2005-10-31,5.0,2.9,292.0,,,65687.0,,124.6,3.367,0.505,2065.0,1740.0,33.0
2005-11-30,5.0,3.2,300.0,,,65950.0,,137.5,3.412,0.499,2147.0,1808.0,39.0
2005-12-31,4.9,3.1,335.0,,,66287.0,,144.2,3.459,0.498,1994.0,1628.0,31.0
2006-01-31,4.7,3.7,423.0,,,66892.0,354.2,142.0,3.426,0.504,2273.0,1823.0,27.0
2006-02-28,4.8,3.9,280.0,,,68677.0,,121.0,3.37,0.517,2119.0,1804.0,35.0
2006-03-31,4.7,4.1,331.0,,,70702.0,,123.8,3.517,0.517,1969.0,1601.0,37.0
2006-04-30,4.7,3.8,254.0,,,74019.0,,124.1,3.457,0.522,1821.0,1511.0,56.0
2006-05-31,4.6,3.6,320.0,,,73929.0,,127.5,3.604,0.533,1942.0,1570.0,52.0
2006-06-30,4.6,3.7,307.0,,,74399.0,,126.5,3.369,0.541,1802.0,1451.0,44.0
2006-07-31,4.7,3.1,230.0,,,76186.0,,152.1,3.467,0.556,1737.0,1424.0,83.0
2006-08-31,4.7,3.3,246.0,,,73190.0,,158.8,3.544,0.572,1650.0,1364.0,40.0
2006-09-30,4.5,3.2,306.0,,,70659.0,,131.4,3.533,0.563,1720.0,1384.0,30.0
2006-10-31,4.4,3.2,242.0,,,69912.0,,119.6,3.494,0.545,1491.0,1212.0,37.0
2006-11-30,4.5,3.6,261.0,,,70891.0,,113.3,3.399,0.517,1570.0,1290.0,19.0
2006-12-31,4.4,3.5,350.0,,,72324.0,,112.1,3.409,0.517,1649.0,1249.0,50.0
2007-01-31,4.6,3.2,256.0,,,78567.0,350.1,111.5,3.359,0.517,1409.0,1130.0,23.0
2007-02-28,4.5,3.6,262.0,,,76517.0,,114.0,3.424,0.514,1480.0,1189.0,29.0
2007-03-31,4.4,3.9,256.0,,,75742.0,,111.1,3.485,0.518,1495.0,1202.0,37.0
2007-04-30,4.5,3.8,256.0,,,75967.0,,117.3,3.482,0.529,1490.0,1197.0,37.0
2007-05-31,4.4,3.6,252.0,,,75974.0,,119.0,3.511,0.53,1415.0,1130.0,33.0
2007-06-30,4.6,3.5,279.0,,,75674.0,,121.4,3.473,0.538,1448.0,1131.0,38.0
2007-07-31,4.7,3.4,273.0,,,72330.0,,117.6,3.512,0.545,1354.0,1042.0,39.0
2007-08-31,4.6,3.1,336.0,,,76396.0,,117.1,3.608,0.522,1330.0,957.0,37.0
2007-09-30,4.7,3.1,219.0,,,78167.0,,110.2,3.558,0.52,1183.0,935.0,29.0
2007-10-31,4.7,3.0,347.0,,,77702.0,,104.6,3.637,0.517,1264.0,878.0,39.0
2007-11-30,4.7,2.8,343.0,,,78990.0,,117.9,3.667,0.527,1197.0,833.0,21.0
2007-12-31,5.0,3.2,221.0,,,78688.0,,124.7,3.646,0.52,1037.0,805.0,11.0
2008-01-31,5.0,3.2,285.0,,,76266.0,332.5,131.6,3.53,0.525,1084.0,773.0,26.0
2008-02-29,4.9,3.6,350.0,,,78084.0,,134.9,3.759,0.531,1103.0,724.0,29.0
2008-03-31,5.1,3.4,261.0,,,82642.0,,135.0,3.771,0.542,1005.0,728.0,16.0
2008-04-30,5.0,2.9,316.0,,,82222.0,,139.7,3.885,0.546,1013.0,682.0,15.0
2008-05-31,5.4,7.3,275.0,,,78669.0,,146.9,3.837,0.562,973.0,679.0,19.0
2008-06-30,5.6,5.1,378.0,,,79418.0,,237.8,4.062,0.598,1046.0,647.0,21.0
2008-07-31,5.8,4.0,294.0,,,80264.0,,241.8,4.159,0.672,923.0,615.0,14.0
2008-08-31,6.1,3.5,222.0,,,81947.0,,274.7,4.12,0.724,844.0,607.0,15.0
2008-09-30,6.1,4.3,263.0,,,81772.0,,260.3,4.123,0.763,820.0,537.0,20.0
2008-10-31,6.5,5.2,225.0,,,83075.0,,212.9,4.196,0.731,777.0,542.0,10.0
2008-11-30,6.8,6.3,175.0,,,84013.0,,195.1,4.33,0.699,652.0,459.0,18.0
2008-12-31,7.3,6.2,149.0,,,81003.0,,186.5,4.482,0.678,560.0,403.0,8.0
2009-01-31,7.8,6.2,119.0,,,80846.0,296.1,177.4,4.534,0.676,490.0,358.0,13.0
2009-02-28,8.3,5.6,210.0,,,81852.0,,171.3,4.611,0.66,582.0,358.0,14.0
2009-03-31,8.7,5.9,122.0,,,80220.0,,156.8,4.55,0.652,505.0,353.0,30.0
2009-04-30,9.0,6.6,80.0,,,80423.0,,141.8,4.683,0.62,478.0,387.0,11.0
2009-05-31,9.4,7.9,124.0,,,80498.0,,134.3,4.438,0.616,540.0,408.0,8.0
2009-06-30,9.5,6.2,93.0,,,82980.0,,133.3,4.557,0.634,585.0,482.0,10.0
2009-07-31,9.5,5.5,70.0,,,83856.0,,131.2,4.566,0.641,594.0,509.0,15.0
2009-08-31,9.6,4.5,93.0,,,83320.0,,138.3,4.554,0.638,586.0,487.0,6.0
2009-09-30,9.8,5.6,66.0,,,83418.0,,110.2,4.627,0.612,585.0,510.0,9.0
2009-10-31,10.0,5.2,53.0,,,83753.0,,101.1,4.533,0.592,534.0,476.0,5.0
2009-11-30,9.9,5.6,81.0,,,80417.0,,96.3,4.528,0.561,588.0,497.0,10.0
2009-12-31,9.9,5.6,84.0,,,78511.0,,94.4,4.653,0.56,581.0,484.0,13.0
2010-01-31,9.8,5.9,97.0,,,78277.0,291.7,91.6,4.651,0.563,614.0,510.0,7.0
2010-02-28,9.8,5.6,62.0,,,78587.0,,87.9,4.561,0.555,604.0,526.0,16.0
2010-03-31,9.9,5.6,86.0,,,80544.0,,85.4,4.57,0.557,636.0,542.0,8.0
2010-04-30,9.9,6.2,108.0,,,82460.0,,87.3,4.461,0.553,687.0,566.0,13.0
2010-05-31,9.6,6.7,114.0,,,84312.0,,96.6,4.594,0.571,583.0,457.0,12.0
2010-06-30,9.4,6.5,86.0,,,82259.0,,105.1,4.706,0.585,536.0,445.0,5.0
2010-07-31,9.4,6.4,101.0,,,77325.0,,121.5,4.659,0.593,546.0,426.0,19.0
2010-08-31,9.5,6.5,168.0,,,84485.0,,155.9,4.665,0.621,599.0,417.0,14.0
2010-09-30,9.5,6.5,139.0,,,84542.0,,150.6,4.631,0.597,594.0,449.0,6.0
2010-10-31,9.4,6.3,93.0,,,87053.0,,137.9,4.77,0.579,543.0,438.0,12.0
2010-11-30,9.8,6.1,79.0,,,85148.0,,140.7,4.689,0.568,545.0,452.0,14.0
2010-12-31,9.3,6.5,101.0,,,82069.0,,152.6,4.742,0.582,539.0,429.0,9.0
2011-01-31,9.1,6.9,188.0,,,81367.0,290.8,156.1,4.79,0.603,630.0,430.0,12.0
2011-02-28,9.0,7.2,109.0,,,79963.0,,189.6,4.724,0.611,517.0,391.0,17.0
2011-03-31,9.0,6.6,160.0,,,79074.0,,200.3,4.837,0.636,600.0,429.0,11.0
2011-04-30,9.1,6.6,125.0,,,74931.0,,204.9,4.85,0.653,554.0,415.0,14.0
2011-05-31,9.0,6.5,140.0,,,75973.0,,198.2,4.944,0.693,561.0,414.0,7.0
2011-06-30,9.1,6.7,166.0,,,75948.0,,198.2,5.038,0.685,608.0,435.0,7.0
2011-07-31,9.0,6.9,181.0,,,76201.0,,251.5,5.052,0.717,623.0,432.0,10.0
2011-08-31,9.0,6.9,156.0,,,77984.0,,223.7,5.185,0.755,585.0,422.0,7.0
2011-09-30,9.0,6.5,226.0,,,82186.0,,190.2,5.036,0.735,650.0,418.0,6.0
2011-10-31,8.8,6.5,157.0,,,82777.0,,135.6,5.111,0.683,610.0,439.0,14.0
2011-11-30,8.6,6.6,237.0,,,85067.0,,145.1,5.015,0.686,711.0,465.0,9.0
2011-12-31,8.5,7.5,149.0,,,83653.0,,150.2,5.032,0.666,694.0,522.0,23.0
2012-01-31,8.3,7.8,189.0,,,79503.0,298.8,149.6,4.995,0.676,723.0,518.0,16.0
2012-02-29,8.3,7.8,230.0,,,80610.0,,149.8,5.091,0.673,704.0,466.0,8.0
2012-03-31,8.2,8.2,213.0,,,79130.0,,169.8,5.087,0.68,695.0,472.0,10.0
2012-04-30,8.2,8.5,240.0,,,82523.0,,176.8,5.01,0.69,753.0,504.0,9.0
2012-05-31,8.2,8.6,175.0,,,83927.0,,166.4,5.2,0.675,708.0,518.0,15.0
2012-06-30,8.2,8.6,224.0,,,86012.0,,146.7,5.264,0.676,757.0,524.0,9.0
2012-07-31,8.2,7.8,212.0,,,82585.0,,133.8,5.029,0.672,740.0,517.0,11.0
2012-08-31,8.1,7.6,210.0,,,81259.0,,147.5,4.851,0.652,754.0,536.0,8.0
2012-09-30,7.8,8.1,245.0,,,77510.0,,101.2,4.785,0.645,847.0,594.0,8.0
2012-10-31,7.8,8.7,285.0,,,77131.0,,91.5,4.938,0.625,915.0,611.0,19.0
2012-11-30,7.7,9.5,254.0,,,77605.0,,99.1,4.868,0.625,833.0,569.0,10.0
2012-12-31,7.9,11.6,344.0,,,75081.0,,95.8,4.713,0.621,976.0,615.0,17.0
2013-01-31,8.0,5.9,273.0,,,76383.0,297.1,95.1,4.793,0.627,888.0,604.0,11.0
2013-02-28,7.7,5.6,301.0,,,79360.0,,100.4,4.878,0.636,962.0,651.0,10.0
2013-03-31,7.5,5.9,360.0,,,74678.0,,97.8,4.97,0.611,1010.0,624.0,26.0
2013-04-30,7.6,6.2,234.0,,,80528.0,,100.7,4.811,0.619,835.0,587.0,14.0
2013-05-31,7.5,6.4,311.0,,,80869.0,,113.2,4.51,0.636,930.0,608.0,11.0
2013-06-30,7.5,6.5,214.0,,,83653.0,,146.1,4.507,0.646,839.0,614.0,11.0
2013-07-31,7.3,6.3,269.0,,,82839.0,,201.4,4.688,0.704,880.0,593.0,18.0
2013-08-31,7.2,6.4,273.0,,,83952.0,,257.6,4.577,0.756,917.0,631.0,13.0
2013-09-30,7.2,6.5,263.0,,,84198.0,,195.9,4.528,0.746,850.0,577.0,10.0
2013-10-31,7.2,6.0,319.0,,,80253.0,,152.6,4.576,0.688,925.0,595.0,11.0
2013-11-30,6.9,5.8,392.0,,,80460.0,,154.7,4.601,0.675,1100.0,699.0,9.0
2013-12-31,6.7,6.0,334.0,,,82332.0,,153.2,4.536,0.667,1002.0,647.0,21.0
2014-01-31,6.6,6.7,313.0,,,80838.0,298.5,151.6,4.411,0.688,888.0,567.0,8.0
2014-02-28,6.7,6.6,339.0,,,81919.0,,150.8,4.411,0.684,944.0,594.0,11.0
2014-03-31,6.7,6.7,304.0,,,83620.0,,149.7,4.538,0.678,970.0,652.0,14.0
2014-04-30,6.2,6.9,388.0,,,83594.0,,150.9,4.419,0.672,1043.0,646.0,9.0
2014-05-31,6.3,7.1,345.0,,,83861.0,,154.1,4.372,0.678,1007.0,652.0,10.0
2014-06-30,6.1,7.1,287.0,,,80333.0,,168.3,4.35,0.685,911.0,603.0,21.0
2014-07-31,6.2,7.2,413.0,,,83494.0,,114.7,4.308,0.696,1085.0,656.0,16.0
2014-08-31,6.1,7.0,322.0,,,86017.0,,145.6,4.437,0.689,984.0,644.0,18.0
2014-09-30,5.9,7.2,347.0,,,85377.0,,122.6,4.357,0.671,1023.0,664.0,12.0
2014-10-31,5.7,7.1,358.0,,,88733.0,,111.6,4.328,0.669,1074.0,699.0,17.0
2014-11-30,5.8,7.3,334.0,,,87966.0,,120.6,4.247,0.641,1001.0,658.0,9.0
2014-12-31,5.6,7.7,333.0,,,88307.0,,128.6,4.27,0.636,1073.0,720.0,20.0
2015-01-31,5.7,8.0,376.0,,,86403.0,313.9,131.2,4.263,0.668,1085.0,703.0,6.0
2015-02-28,5.5,8.1,294.0,,,86573.0,,127.7,4.298,0.646,886.0,584.0,8.0
2015-03-31,5.4,7.7,313.0,,,84697.0,,120.0,4.4,0.639,960.0,627.0,20.0
2015-04-30,5.4,7.6,429.0,,,89654.0,,120.1,4.412,0.645,1190.0,742.0,19.0
2015-05-31,5.6,7.5,362.0,,,90603.0,,113.8,4.427,0.646,1079.0,708.0,9.0
2015-06-30,5.3,7.4,491.0,,,93632.0,,113.3,4.442,0.647,1205.0,700.0,14.0
2015-07-31,5.2,7.3,376.0,,,91370.0,,114.9,4.48,0.668,1146.0,759.0,11.0
2015-08-31,5.1,7.3,390.0,,,96703.0,,139.0,4.411,0.661,1130.0,734.0,6.0
2015-09-30,5.0,7.4,467.0,,,93225.0,,120.6,4.504,0.65,1224.0,746.0,11.0
2015-10-31,5.0,7.5,341.0,,,92336.0,,122.7,4.355,0.655,1058.0,705.0,12.0
2015-11-30,5.1,7.3,392.0,,,90821.0,,135.0,4.49,0.633,1172.0,774.0,6.0
2015-12-31,5.0,7.4,364.0,,,99053.0,,130.0,4.413,0.637,1146.0,765.0,17.0
2016-01-31,4.8,7.7,322.0,,,100700.0,323.4,138.2,4.444,0.659,1092.0,752.0,18.0
2016-02-29,4.9,7.2,354.0,,,94054.0,,133.5,4.421,0.659,1225.0,859.0,12.0
2016-03-31,5.0,7.6,349.0,,,94632.0,,132.2,4.622,0.652,1111.0,753.0,9.0
2016-04-30,5.1,7.2,373.0,,,91254.0,,131.5,4.544,0.652,1163.0,777.0,13.0
2016-05-31,4.8,6.9,390.0,,,89879.0,,135.5,4.462,0.679,1148.0,753.0,5.0
2016-06-30,4.9,6.6,415.0,,,91210.0,,147.9,4.477,0.688,1203.0,769.0,19.0
2016-07-31,4.8,6.8,462.0,117.71875,1804.0,90557.0,,128.3,4.444,0.699,1239.0,769.0,8.0
2016-08-31,4.9,6.8,420.0,117.625,1800.5,90213.0,,136.3,4.427,0.711,1171.0,734.0,17.0
2016-09-30,5.0,6.8,276.0,117.5078125,1800.0,93346.0,,116.6,4.44,0.702,1068.0,777.0,15.0
2016-10-31,4.9,6.9,444.0,117.9375,1800.0,98006.0,,105.5,4.507,0.691,1313.0,859.0,10.0
2016-11-30,4.7,7.0,320.0,117.75,1795.0,97722.0,,113.8,4.391,0.697,1140.0,817.0,3.0
2016-12-31,4.7,6.5,440.0,117.046875,1780.0,93480.0,,110.9,4.353,0.686,1252.0,801.0,11.0
2017-01-31,4.7,6.9,398.0,117.578125,1776.0,89718.0,331.6,110.2,4.39,0.696,1193.0,792.0,3.0
2017-02-28,4.6,7.2,389.0,118.9453125,1786.5,93149.0,,104.6,4.334,0.703,1281.0,874.0,18.0
2017-03-31,4.4,7.2,343.0,121.359375,1805.5,91764.0,,110.1,4.365,0.689,1190.0,838.0,9.0
2017-04-30,4.5,7.2,305.0,123.09375,1833.0,90484.0,,121.5,4.369,0.698,1145.0,824.0,16.0
2017-05-31,4.4,7.8,318.0,124.921875,1855.5,90346.0,,120.8,4.439,0.706,1160.0,828.0,14.0
2017-06-30,4.3,7.5,378.0,125.046875,1860.0,87250.0,,149.0,4.428,0.733,1247.0,863.0,6.0
2017-07-31,4.3,7.6,350.0,125.21875,1858.0,90639.0,,157.3,4.391,0.752,1202.0,840.0,12.0
2017-08-31,4.4,7.6,285.0,124.9414062,1852.0,87935.0,,201.8,4.37,0.75,1159.0,866.0,8.0
2017-09-30,4.2,7.3,323.0,125.0,1848.0,89149.0,,192.6,4.389,0.745,1175.0,835.0,17.0
2017-10-31,4.1,7.4,359.0,125.3125,1842.5,92624.0,,147.8,4.48,0.748,1248.0,871.0,18.0
2017-11-30,4.2,7.0,339.0,121.171875,1793.0,89351.0,,166.6,4.521,0.733,1278.0,931.0,8.0
2017-12-31,4.1,6.6,350.0,123.296875,1800.0,88353.0,,167.4,4.431,0.731,1182.0,828.0,4.0
2018-01-31,4.0,7.4,414.0,124.6171875,1800.0,86547.0,345.1,166.3,4.386,0.73,1309.0,883.0,12.0
2018-02-28,4.1,7.6,369.0,126.90625,1805.5,87571.0,,156.3,4.344,0.736,1289.0,902.0,18.0
2018-03-31,4.0,7.6,427.0,129.828125,1831.0,88239.0,,149.0,4.446,0.727,1327.0,886.0,14.0
2018-04-30,4.0,7.4,348.0,132.53125,1852.0,91287.0,,160.2,4.448,0.728,1285.0,916.0,21.0
2018-05-31,3.8,7.5,385.0,134.109375,1864.0,91459.0,,166.7,4.491,0.739,1354.0,957.0,12.0
2018-06-30,4.0,7.6,324.0,135.5,1888.0,92758.0,,171.8,4.441,0.744,1199.0,865.0,10.0
2018-07-31,3.8,7.6,327.0,135.34375,1885.5,93707.0,,171.8,4.407,0.765,1193.0,860.0,6.0
2018-08-31,3.8,7.6,375.0,135.109375,1874.0,96186.0,,181.7,4.446,0.768,1288.0,896.0,17.0
2018-09-30,3.7,7.6,362.0,135.65625,1858.0,93740.0,,148.2,4.432,0.75,1238.0,867.0,9.0
2018-10-31,3.8,7.4,327.0,136.0,1850.0,92051.0,,135.4,4.473,0.746,1208.0,862.0,19.0
2018-11-30,3.8,7.2,386.0,136.0625,1841.5,91825.0,,140.0,4.59,0.725,1183.0,786.0,11.0
2018-12-31,3.9,9.0,298.0,135.625,1824.0,90112.0,,142.2,4.447,0.718,1095.0,777.0,20.0
2019-01-31,4.0,8.7,288.0,136.09375,1812.0,93415.0,352.6,159.9,4.432,0.749,1244.0,940.0,16.0
2019-02-28,3.8,8.8,349.0,137.296875,1805.5,101356.0,,173.7,4.503,0.751,1142.0,788.0,5.0
2019-03-31,3.8,8.2,355.0,139.6205357,1825.714286,102060.0,,184.9,4.587,0.755,1203.0,843.0,5.0
2019-04-30,3.7,7.7,380.0,142.609375,1864.0,114214.0,,185.2,4.508,0.749,1282.0,880.0,22.0
2019-05-31,3.7,7.4,448.0,144.078125,1881.5,105102.0,,176.5,4.407,0.772,1303.0,843.0,12.0
2019-06-30,3.6,7.2,361.0,144.03125,1895.0,101337.0,,184.3,4.452,0.743,1237.0,864.0,12.0
2019-07-31,3.6,7.0,326.0,143.46875,1891.0,99719.0,,188.4,4.377,0.78,1224.0,887.0,11.0
2019-08-31,3.7,7.2,457.0,142.7142857,1883.571429,96867.0,,255.5,4.382,0.786,1371.0,899.0,15.0
2019-09-30,3.5,7.3,364.0,142.25,1872.5,98672.0,,214.4,4.561,0.794,1285.0,910.0,11.0
2019-10-31,3.6,7.4,417.0,142.6875,1871.5,93258.0,,181.3,4.389,0.785,1318.0,889.0,12.0
2019-11-30,3.6,7.5,414.0,141.9375,1856.0,91686.0,,220.8,4.692,0.764,1350.0,917.0,19.0
2019-12-31,3.6,7.3,515.0,141.109375,1841.0,97162.0,,224.0,4.532,0.78,1547.0,1012.0,20.0
2020-01-31,3.5,7.8,588.0,141.5,1844.0,102330.0,348.8,229.6,4.494,0.802,1589.0,992.0,9.0
2020-02-29,3.5,8.3,515.0,143.5,1848.0,104177.0,,229.9,4.594,0.786,1589.0,1055.0,19.0
2020-03-31,4.4,13.1,369.0,146.734375,1860.0,107983.0,,229.9,4.63,,1277.0,895.0,13.0
2020-04-30,14.8,33.8,238.0,148.390625,1860.0,101690.0,,216.0,4.88,,938.0,685.0,15.0
2020-05-31,13.3,24.8,305.0,151.9375,1876.0,103381.0,,178.1,4.985,0.855,1046.0,733.0,8.0
2020-06-30,11.1,19.3,363.0,155.046875,1886.5,100398.0,,182.1,5.087,0.854,1273.0,903.0,7.0
2020-07-31,10.2,18.7,492.0,157.15625,1879.5,94909.0,,233.3,5.104,0.854,1497.0,995.0,10.0
2020-08-31,8.4,15.0,331.0,159.5625,1856.0,96080.0,,253.0,5.07,0.856,1376.0,1023.0,22.0
2020-09-30,7.8,14.3,338.0,161.890625,1826.5,93504.0,,178.4,5.024,0.798,1448.0,1105.0,5.0
2020-10-31,6.9,13.6,337.0,163.65625,1800.0,99905.0,,170.8,5.039,0.802,1514.0,1162.0,15.0
2020-11-30,6.7,13.0,353.0,163.78125,1775.0,102151.0,,173.5,5.085,0.756,1551.0,1182.0,16.0
2020-12-31,6.7,14.0,336.0,163.578125,1747.5,102812.0,,164.9,5.077,0.749,1661.0,1315.0,10.0
2021-01-31,6.3,19.9,469.0,166.1875,1730.0,100474.0,,157.2,4.942,0.782,1625.0,1143.0,13.0
2021-02-28,6.2,13.5,365.0,171.359375,1715.0,96727.0,,156.9,5.046,0.762,1447.0,1069.0,13.0
2021-03-31,6.0,26.6,448.0,176.15625,1715.0,96300.0,,149.3,5.043,0.786,1725.0,1255.0,22.0
2021-04-30,6.1,12.4,439.0,180.109375,1722.0,97674.0,,153.4,5.092,0.774,1514.0,1061.0,14.0
2021-05-31,5.8,10.0,486.0,182.53125,1730.0,98367.0,,154.9,4.929,0.764,1594.0,1098.0,10.0
2021-06-30,5.9,9.0,485.0,184.171875,1740.0,95341.0,,171.7,5.02,0.769,1657.0,1161.0,11.0
2021-07-31,5.4,10.1,436.0,184.890625,1747.0,97225.0,,181.4,5.003,0.776,1554.0,1107.0,11.0
2021-08-31,5.2,9.4,530.0,184.28125,1739.5,98655.0,,223.5,5.111,0.797,1615.0,1076.0,9.0
2021-09-30,4.8,,,185.6953125,1736.0,,,223.8,5.058,0.798,,,
